TANGGAL,TAVG,RH_AVG,RR,SS,FF_AVG
2024-08-01,26.3,88.0,0.0,8.0,3.0
2024-08-02,26.3,89.0,0.0,7.4,3.0
2024-08-03,25.9,89.0,4.0,8.0,3.0
2024-08-04,25.7,90.0,0.0,8.0,4.0
2024-08-05,24.7,89.0,0.0,8.0,4.0
2024-08-06,24.8,87.0,0.0,8.0,5.0
2024-08-07,24.5,88.0,0.0,8.0,3.0
2024-08-08,25.1,89.0,0.0,8.0,6.0
2024-08-09,25.0,89.0,0.0,8.0,6.0
2024-08-10,25.2,87.0,0.0,8.0,6.0
2024-08-11,24.3,86.0,0.0,8.0,6.0
2024-08-12,22.6,80.0,0.0,8.0,4.0
2024-08-13,22.8,88.0,0.0,8.0,5.0
2024-08-14,23.7,88.0,0.0,8.0,4.0
2024-08-15,23.5,88.0,0.0,8.0,4.0
2024-08-16,23.5,86.0,0.0,8.0,4.0
2024-08-17,23.4,87.0,0.0,8.0,4.0
2024-08-18,23.8,89.0,0.0,8.0,4.0
2024-08-19,24.0,89.0,0.0,8.0,4.0
2024-08-20,23.8,90.0,0.0,8.0,2.0
2024-08-21,24.7,90.0,0.0,8.0,4.0
2024-08-22,24.1,89.0,0.0,8.0,4.0
2024-08-23,24.6,87.0,0.0,8.0,3.0
2024-08-24,25.2,88.0,0.0,8.0,4.0
2024-08-25,25.2,85.0,0.0,8.0,4.0
2024-08-26,25.0,88.0,0.0,8.0,5.0
2024-08-27,25.3,86.0,0.0,8.0,2.0
2024-08-28,24.9,89.0,0.0,8.0,3.0
2024-08-29,25.8,88.0,0.0,8.0,3.0
2024-08-30,25.6,88.0,0.0,8.0,3.0
2024-08-31,25.3,87.0,0.6,8.0,4.0
2025-08-01,26.0,85.0,0.0,8.0,5.0
2025-08-02,25.6,88.0,0.0,8.0,4.0
2025-08-03,27.0,87.0,0.0,8.0,4.0
2025-08-04,26.7,88.0,20.8,8.0,3.0
2025-08-05,26.3,87.0,0.0,8.0,4.0
2025-08-06,26.2,77.0,0.0,8.0,4.0
2025-08-07,25.3,85.0,0.0,8.0,4.0
2025-08-08,26.8,82.0,0.0,8.0,4.0
2025-08-09,26.8,83.0,0.0,8.0,5.0
2025-08-10,27.3,82.0,0.0,8.0,5.0
2025-08-11,26.7,82.0,0.0,8.0,4.0
2025-08-12,26.7,82.0,2.4,8.0,4.0
2025-08-13,26.6,80.0,0.0,8.0,6.0
2025-08-14,26.7,67.0,0.0,8.0,6.0
2025-08-15,25.4,77.0,0.0,8.0,5.0
2025-08-16,26.4,80.0,9.2,8.0,6.0
2025-08-17,26.0,83.0,0.0,8.0,5.0
2025-08-18,26.9,83.0,0.0,8.0,5.0
2025-08-19,25.4,91.0,8888.0,8.0,2.0
2025-08-20,25.2,87.0,39.0,5.9,2.0
2025-08-21,26.4,86.0,0.0,8.0,4.0
2025-08-22,26.5,86.0,0.0,8.0,3.0
2025-08-23,26.4,88.0,0.0,8.0,3.0
2025-08-24,26.9,85.0,0.0,8.0,3.0
2025-08-25,26.4,81.0,0.0,8.0,4.0
2025-08-26,26.1,74.0,0.0,8.0,4.0
2025-08-27,24.3,92.0,0.0,8.0,5.0
2025-08-28,24.3,89.0,48.2,6.9,3.0
2025-08-29,24.2,90.0,8.8,7.3,5.0
2025-08-30,25.5,88.0,32.8,6.1,5.0
2025-08-31,26.1,82.0,0.2,8.0,5.0
2025-04-01,27.6,83.0,1.0,8.0,2.0
2025-04-02,27.0,86.0,6.4,8.0,2.0
2025-04-03,27.3,85.0,0.0,8.0,2.0
2025-04-04,27.7,82.0,3.0,8.0,3.0
2025-04-05,28.0,78.0,8888.0,8.0,3.0
2025-04-06,27.8,83.0,0.0,8.0,3.0
2025-04-07,27.8,83.0,0.0,8.0,3.0
2025-04-08,27.8,83.0,0.0,8.0,3.0
2025-04-09,27.6,86.0,6.0,8.0,3.0
2025-04-10,27.2,90.0,0.0,8.0,1.0
2025-04-11,27.3,88.0,1.2,6.0,2.0
2025-04-12,26.1,90.0,15.8,7.8,2.0
2025-04-13,26.8,87.0,52.0,7.1,2.0
2025-04-14,26.5,87.0,65.6,7.5,2.0
2025-04-15,27.1,87.0,8888.0,8.0,2.0
2025-04-16,27.8,85.0,0.0,8.0,2.0
2025-04-17,27.5,86.0,0.0,8.0,2.0
2025-04-18,26.7,88.0,0.0,8.0,2.0
2025-04-19,26.9,85.0,4.8,8.0,2.0
2025-04-20,26.6,88.0,4.6,8.0,2.0
2025-04-21,27.7,86.0,0.0,8.0,3.0
2025-04-22,27.2,83.0,4.6,8.0,2.0
2025-04-23,27.2,86.0,0.0,8.0,2.0
2025-04-24,27.3,83.0,2.4,8.0,2.0
2025-04-25,28.0,85.0,0.6,4.2,2.0
2025-04-26,28.1,85.0,0.4,8.0,3.0
2025-04-27,27.7,78.0,8888.0,8.0,3.0
2025-04-28,27.5,77.0,0.0,8.0,3.0
2025-04-29,27.3,83.0,4.8,8.0,4.0
2025-04-30,27.4,79.0,0.0,8.0,4.0
2026-04-01,27.5,85.0,0.0,8.0,4.0
2026-04-02,27.5,86.0,0.0,8.0,3.0
2026-04-03,27.5,84.0,0.0,7.8,3.0
2026-04-04,26.7,87.0,0.0,8.0,3.0
2026-04-05,27.1,85.0,6.2,7.6,2.0
2026-04-06,27.0,89.0,0.0,8.0,2.0
2026-04-07,27.0,88.0,12.6,8.0,2.0
2026-04-08,27.4,88.0,0.2,8.0,2.0
2026-04-09,27.4,86.0,87.4,8.0,2.0
2026-04-10,27.0,88.0,21.0,8.0,2.0
2026-04-11,27.1,86.0,0.0,8.0,2.0
2026-04-12,27.0,87.0,0.0,8.0,2.0
2026-04-13,27.8,87.0,1.4,8.0,4.0
2026-04-14,28.1,85.0,0.0,8.0,3.0
2026-04-15,27.0,87.0,21.2,8.0,4.0
2026-04-16,27.4,86.0,0.0,8.0,4.0
2026-04-17,27.7,83.0,0.0,8.0,4.0
2026-04-18,27.8,82.0,0.0,8.0,4.0
2026-04-19,27.5,80.0,0.0,8.0,4.0
2026-04-20,27.5,83.0,0.4,8.0,3.0
2026-04-21,28.1,86.0,7.4,8.0,3.0
2026-04-22,26.8,86.0,0.0,8.0,2.0
2026-04-23,27.5,84.0,4.4,8.0,2.0
2026-04-24,27.9,85.0,0.0,8.0,2.0
2026-04-25,28.4,89.0,13.2,8.0,2.0
2026-04-26,28.0,86.0,0.0,8.0,2.0
2026-04-27,28.0,86.0,0.0,8.0,2.0
2026-04-28,28.1,85.0,0.6,1.4,3.0
2026-04-29,28.3,84.0,0.0,8.0,3.0
2026-04-30,27.6,88.0,1.0,8.0,2.0
2025-12-01,27.2,82.0,5.0,8.0,2.0
2025-12-02,27.7,83.0,0.0,8.0,2.0
2025-12-03,26.6,87.0,1.4,8.0,2.0
2025-12-04,26.5,89.0,8888.0,8.0,2.0
2025-12-05,26.9,87.0,35.8,7.3,2.0
2025-12-06,26.9,85.0,1.0,8.0,2.0
2025-12-07,26.8,84.0,0.0,8.0,2.0
2025-12-08,27.5,82.0,0.0,8.0,3.0
2025-12-09,27.6,78.0,8.8,8.0,3.0
2025-12-10,28.4,77.0,0.0,8.0,3.0
2025-12-11,28.7,78.0,0.0,8.0,4.0
2025-12-12,29.0,71.0,0.0,8.0,4.0
2025-12-13,28.3,74.0,0.0,8.0,5.0
2025-12-14,27.5,83.0,3.6,8.0,6.0
2025-12-15,27.6,80.0,11.8,8.0,6.0
2025-12-16,27.5,82.0,1.0,8.0,4.0
2025-12-17,27.8,81.0,0.8,8.0,4.0
2025-12-18,27.1,87.0,0.4,8.0,4.0
2025-12-19,28.4,77.0,9.2,8.0,4.0
2025-12-20,26.9,84.0,8888.0,8.0,3.0
2025-12-21,27.1,83.0,13.6,8.0,2.0
2025-12-22,27.7,83.0,7.2,8.0,3.0
2025-12-23,28.4,83.0,0.0,8.0,3.0
2025-12-24,27.8,84.0,16.2,8.0,3.0
2025-12-25,28.5,86.0,4.8,8.0,3.0
2025-12-26,26.0,92.0,24.4,8.0,4.0
2025-12-27,26.2,88.0,172.2,7.8,3.0
2025-12-28,28.6,83.0,39.2,8.0,5.0
2025-12-29,28.9,75.0,8888.0,8.0,3.0
2025-12-30,27.9,81.0,0.0,8.0,3.0
2025-12-31,26.3,89.0,7.6,8.0,2.0
2026-02-01,26.0,90.0,10.6,8.0,3.0
2026-02-02,27.0,87.0,19.0,6.5,3.0
2026-02-03,27.0,86.0,6.2,8.0,3.0
2026-02-04,26.6,87.0,20.2,8.0,3.0
2026-02-05,27.6,82.0,0.6,8.0,4.0
2026-02-06,26.7,86.0,4.6,8.0,4.0
2026-02-07,27.5,86.0,19.6,8.0,4.0
2026-02-08,27.4,83.0,3.2,8.0,4.0
2026-02-09,27.1,88.0,2.4,8.0,2.0
2026-02-10,26.6,87.0,2.2,7.9,2.0
2026-02-11,27.4,86.0,12.2,8.0,3.0
2026-02-12,27.8,80.0,0.8,8.0,4.0
2026-02-13,27.2,79.0,73.6,8.0,3.0
2026-02-14,27.8,81.0,8888.0,8.0,3.0
2026-02-15,26.7,86.0,26.0,8.0,3.0
2026-02-16,26.7,89.0,27.4,8.0,3.0
2026-02-17,27.5,83.0,6.0,7.3,3.0
2026-02-18,25.6,91.0,9.0,8.0,2.0
2026-02-19,26.7,84.0,7.0,5.9,2.0
2026-02-20,26.4,86.0,0.2,8.0,3.0
2026-02-21,26.6,88.0,57.8,6.6,3.0
2026-02-22,26.6,87.0,0.0,8.0,3.0
2026-02-23,26.2,88.0,1.4,8.0,4.0
2026-02-24,27.6,80.0,2.4,8.0,3.0
2026-02-25,25.3,92.0,28.6,8.0,3.0
2026-02-26,26.6,87.0,22.8,7.1,4.0
2026-02-27,24.4,94.0,26.4,8.0,3.0
2026-02-28,26.5,88.0,79.6,4.1,3.0
2026-01-01,27.2,83.0,10.4,8.0,4.0
2026-01-02,26.1,82.0,38.8,8.0,2.0
2026-01-03,26.5,84.0,0.0,8.0,2.0
2026-01-04,26.7,87.0,29.6,8.0,3.0
2026-01-05,27.5,82.0,2.8,8.0,2.0
2026-01-06,28.3,78.0,0.0,8.0,2.0
2026-01-07,28.0,80.0,0.4,8.0,4.0
2026-01-08,28.5,76.0,0.0,8.0,5.0
2026-01-09,26.2,92.0,9.0,8.0,5.0
2026-01-10,27.5,78.0,81.0,4.8,5.0
2026-01-11,26.2,85.0,11.8,8.0,4.0
2026-01-12,26.4,85.0,58.4,7.8,5.0
2026-01-13,26.8,80.0,28.2,8.0,5.0
2026-01-14,26.5,80.0,29.0,8.0,6.0
2026-01-15,27.1,80.0,5.3,8.0,4.0
2026-01-16,27.8,78.0,37.4,8.0,6.0
2026-01-17,25.9,90.0,30.8,8.0,3.0
2026-01-18,25.9,90.0,77.2,7.8,2.0
2026-01-19,26.7,87.0,1.4,8.0,3.0
2026-01-20,26.8,87.0,35.4,8.0,5.0
2026-01-21,27.1,80.0,2.0,8.0,5.0
2026-01-22,27.2,80.0,0.6,8.0,3.0
2026-01-23,26.1,85.0,8888.0,8.0,2.0
2026-01-24,28.0,78.0,2.8,8.0,2.0
2026-01-25,26.3,82.0,0.0,8.0,3.0
2026-01-26,27.3,84.0,0.0,8.0,3.0
2026-01-27,27.0,86.0,0.0,8.0,2.0
2026-01-28,26.4,85.0,3.0,8.0,2.0
2026-01-29,26.3,84.0,0.0,7.7,2.0
2026-01-30,26.6,87.0,8888.0,7.8,2.0
2026-01-31,27.6,86.0,0.0,8.0,4.0
2024-07-14,25.0,76.0,0.0,8.0,6.0
2024-07-15,24.3,80.0,0.0,8.0,4.0
2024-07-16,24.5,82.0,0.0,8.0,6.0
2024-07-17,26.1,80.0,0.0,8.0,5.0
2024-07-18,24.8,88.0,0.0,8.0,5.0
2024-07-19,24.7,85.0,0.0,8.0,5.0
2024-07-20,23.6,86.0,0.0,8.0,5.0
2024-07-21,24.1,83.0,0.0,8.0,4.0
2024-07-22,24.7,84.0,0.0,8.0,4.0
2024-07-23,25.1,85.0,0.0,8.0,3.0
2024-07-24,25.3,85.0,0.0,8.0,3.0
2024-07-25,24.8,84.0,0.0,8.0,3.0
2024-07-26,24.8,84.0,0.0,8.0,5.0
2024-07-27,25.5,83.0,0.0,8.0,5.0
2024-07-28,25.6,86.0,0.0,8.0,5.0
2024-07-29,24.8,86.0,0.0,8.0,4.0
2024-07-30,24.9,89.0,0.0,8.0,4.0
2024-07-31,25.2,89.0,0.0,8.0,4.0
2025-07-01,26.4,85.0,0.0,8.0,4.0
2025-07-02,26.2,86.0,0.0,8.0,5.0
2025-07-03,26.0,86.0,0.0,8.0,4.0
2025-07-04,25.6,85.0,0.2,8.0,4.0
2025-07-05,26.1,81.0,0.0,7.5,4.0
2025-07-06,25.8,88.0,0.0,8.0,4.0
2025-07-07,26.6,87.0,8888.0,8.0,5.0
2025-07-08,26.0,84.0,0.0,8.0,5.0
2025-07-09,25.5,78.0,0.0,8.0,3.0
2025-07-10,24.0,84.0,0.0,8.0,3.0
2025-07-11,25.0,81.0,0.0,8.0,4.0
2025-07-12,25.2,86.0,0.0,8.0,4.0
2025-07-13,25.5,88.0,0.0,8.0,4.0
2025-07-14,26.6,82.0,0.0,8.0,5.0
2025-07-15,25.8,86.0,0.0,8.0,4.0
2025-07-16,26.6,80.0,0.0,8.0,5.0
2025-07-17,25.3,81.0,0.0,8.0,3.0
2025-07-18,25.5,81.0,0.0,8.0,3.0
2025-07-19,24.2,84.0,0.0,8.0,3.0
2025-07-20,25.2,79.0,0.0,8.0,4.0
2025-07-21,24.5,79.0,0.0,8.0,3.0
2025-07-22,24.5,84.0,0.0,8.0,3.0
2025-07-23,25.4,85.0,0.0,8.0,3.0
2025-07-24,26.2,84.0,0.0,8.0,4.0
2025-07-25,27.0,78.0,0.0,8.0,5.0
2025-07-26,26.4,85.0,0.0,8.0,3.0
2025-07-27,27.0,85.0,0.6,8.0,4.0
2025-07-28,26.2,86.0,8888.0,8.0,8.0
2025-07-29,26.5,83.0,6.4,7.8,8.0
2025-07-30,25.2,87.0,11.2,7.4,5.0
2025-07-31,25.9,81.0,0.2,8.0,5.0
2026-07-01,24.8,82.8,0.0,7.9,3.0
2026-07-02,25.2,78.0,0.0,7.9,2.0
2026-07-03,25.1,81.5,0.0,7.9,3.0
2026-07-04,24.8,82.2,0.0,7.9,3.0
2026-07-05,25.4,83.5,0.0,7.9,3.0
2026-07-06,26.4,80.2,0.0,7.9,4.0
2026-07-07,26.0,81.0,0.0,7.9,5.0
2026-07-08,26.6,74.8,0.0,7.9,4.0
2026-07-09,25.3,76.9,0.0,7.9,3.0
2026-07-10,24.0,79.0,0.0,7.9,4.0
2026-07-11,24.9,72.2,0.0,7.9,4.0
2026-07-12,23.4,79.0,0.0,7.9,2.0
2025-06-01,27.3,86.0,12.0,8.0,3.0
2025-06-02,27.4,86.0,0.2,8.0,3.0
2025-06-03,27.5,86.0,0.0,8.0,2.0
2025-06-04,26.9,89.0,0.0,8.0,2.0
2025-06-05,26.9,87.0,1.2,8.0,3.0
2025-06-06,26.8,84.0,0.0,8.0,3.0
2025-06-07,27.4,83.0,1.2,8.0,3.0
2025-06-08,26.7,87.0,0.0,8.0,3.0
2025-06-09,27.4,86.0,4.2,8.0,3.0
2025-06-10,26.5,89.0,1.0,8.0,3.0
2025-06-11,27.9,80.0,0.6,8.0,5.0
2025-06-12,27.3,82.0,0.0,8.0,5.0
2025-06-13,27.1,83.0,0.0,8.0,4.0
2025-06-14,27.0,89.0,0.4,8.0,3.0
2025-06-15,26.7,89.0,4.4,8.0,2.0
2025-06-16,27.3,87.0,0.0,8.0,4.0
2025-06-17,27.7,82.0,0.0,8.0,5.0
2025-06-18,26.9,76.0,0.0,8.0,3.0
2025-06-19,26.3,75.0,0.0,8.0,2.0
2025-06-20,26.1,83.0,0.0,8.0,2.0
2025-06-21,26.8,84.0,0.0,8.0,3.0
2025-06-22,26.8,86.0,8.0,6.2,4.0
2025-06-23,26.9,82.0,0.0,8.0,5.0
2025-06-24,27.0,77.0,0.0,8.0,5.0
2025-06-25,26.8,84.0,0.0,8.0,4.0
2025-06-26,27.2,80.0,0.0,8.0,4.0
2025-06-27,27.2,83.0,0.0,8.0,5.0
2025-06-28,26.6,82.0,0.4,8.0,4.0
2025-06-29,26.8,82.0,0.0,8.0,5.0
2025-06-30,26.1,85.0,0.0,8.0,5.0
2026-06-01,27.2,76.06666666666666,0.0,7.9,4.0
2026-06-02,27.4,75.5,24.0,7.9,3.0
2026-06-03,27.0,85.5,2.8,7.9,4.0
2026-06-04,27.1,85.0,0.0,7.9,4.0
2026-06-05,27.9,82.8,0.0,7.9,5.0
2026-06-06,27.5,77.8,0.0,7.9,5.0
2026-06-07,27.15,77.0,0.0,7.9,4.0
2026-06-08,26.8,76.2,0.0,7.9,3.0
2026-06-09,25.9,80.2,21.9,7.9,3.0
2026-06-10,26.1,80.0,0.0,7.9,3.0
2026-06-11,25.7,81.8,0.0,7.9,2.0
2026-06-12,26.3,84.5,0.0,7.9,2.0
2026-06-13,26.7,86.8,0.0,7.9,4.0
2026-06-14,27.2,86.5,0.2,7.9,4.0
2026-06-15,27.6,81.5,0.0,7.9,4.0
2026-06-16,26.6,77.8,0.0,7.9,4.0
2026-06-17,25.950000000000003,80.4,0.0,7.9,3.0
2026-06-18,25.3,83.0,0.0,7.9,3.0
2026-06-19,25.2,85.2,0.0,7.9,4.0
2026-06-20,26.1,85.8,0.0,7.9,4.0
2026-06-21,26.0,85.5,0.0,7.9,3.0
2026-06-22,26.5,85.2,0.0,7.9,3.0
2026-06-23,26.6,84.8,23.9,7.9,3.0
2026-06-24,26.3,84.8,0.0,7.9,4.0
2026-06-25,26.8,82.0,0.0,7.9,3.0
2026-06-26,26.2,83.5,0.0,7.9,4.0
2026-06-27,26.5,84.2,0.0,7.9,5.0
2026-06-28,26.4,76.2,0.0,7.9,5.0
2026-06-29,25.1,80.5,0.0,7.9,4.0
2026-06-30,25.0,80.5,0.0,7.9,3.0
2025-03-10,26.2,91.0,6.4,8.0,2.0
2025-03-11,27.3,84.0,15.5,7.5,2.0
2025-03-12,27.6,88.0,8888.0,8.0,2.0
2025-03-13,27.8,79.0,8888.0,8.0,3.0
2025-03-14,26.8,85.0,6.2,8.0,3.0
2025-03-15,28.2,77.0,0.6,8.0,4.0
2025-03-16,26.1,88.0,33.0,8.0,3.0
2025-03-17,27.0,85.0,10.8,8.0,2.0
2025-03-18,27.3,84.0,4.2,8.0,2.0
2025-03-19,26.9,90.0,0.4,8.0,2.0
2025-03-20,27.8,81.0,5.4,7.4,3.0
2025-03-21,28.3,83.0,8888.0,8.0,4.0
2025-03-22,28.5,80.0,1.4,8.0,4.0
2025-03-23,28.8,76.0,0.0,8.0,4.0
2025-03-24,28.6,82.0,2.2,8.0,6.0
2025-03-25,29.0,77.0,0.8,8.0,3.0
2025-03-26,28.5,80.0,0.0,8.0,3.0
2025-03-27,27.7,85.0,0.6,8.0,3.0
2025-03-28,27.2,90.0,29.8,8.0,4.0
2025-03-29,27.6,78.0,63.6,6.2,4.0
2025-03-30,28.2,78.0,0.0,8.0,3.0
2025-03-31,27.5,84.0,8.0,8.0,3.0
2026-03-01,26.6,87.0,4.0,8.0,3.0
2026-03-02,26.6,88.0,8.6,8.0,3.0
2026-03-03,26.5,88.0,31.6,6.1,3.0
2026-03-04,26.8,85.0,4.2,7.8,5.0
2026-03-05,27.1,83.0,5.0,8.0,7.0
2026-03-06,28.3,76.0,5.0,8.0,7.0
2026-03-07,27.1,79.0,0.8,8.0,5.0
2026-03-08,26.7,83.0,0.4,8.0,3.0
2026-03-09,27.4,83.0,0.0,8.0,3.0
2026-03-10,28.1,79.0,0.0,8.0,3.0
2026-03-11,28.0,79.0,0.0,8.0,4.0
2026-03-12,27.9,79.0,0.6,8.0,4.0
2026-03-13,28.2,73.0,0.0,8.0,3.0
2026-03-14,27.8,77.0,0.0,8.0,3.0
2026-03-15,27.8,82.0,0.2,8.0,3.0
2026-03-16,27.7,83.0,2.2,8.0,3.0
2026-03-17,27.6,81.0,1.2,8.0,2.0
2026-03-18,27.7,82.0,0.0,8.0,2.0
2026-03-19,27.8,82.0,8888.0,8.0,3.0
2026-03-20,27.2,82.0,0.0,8.0,3.0
2026-03-21,27.5,84.0,3.6,8.0,2.0
2026-03-22,27.6,80.0,8888.0,8.0,3.0
2026-03-23,27.7,79.0,0.0,8.0,3.0
2026-03-24,27.3,82.0,6.6,8.0,2.0
2026-03-25,28.2,81.0,0.0,8.0,3.0
2026-03-26,27.3,85.0,27.0,8.0,3.0
2026-03-27,26.6,87.0,7.4,8.0,3.0
2026-03-28,26.6,88.0,24.4,7.6,3.0
2026-03-29,27.5,86.0,8.6,7.0,3.0
2026-03-30,27.8,84.0,0.2,1.6,3.0
2026-03-31,27.5,87.0,12.4,8.0,3.0
2025-05-01,27.1,84.0,0.0,8.0,2.0
2025-05-02,27.5,85.0,0.0,8.0,3.0
2025-05-03,27.8,82.0,0.4,8.0,2.0
2025-05-04,27.5,86.0,8.4,8.0,2.0
2025-05-05,27.7,85.0,0.0,8.0,2.0
2025-05-06,28.0,86.0,0.0,8.0,3.0
2025-05-07,28.2,82.0,0.0,8.0,4.0
2025-05-08,27.9,83.0,8888.0,7.7,2.0
2025-05-09,27.6,84.0,0.0,8.0,3.0
2025-05-10,27.4,86.0,0.4,8.0,3.0
2025-05-11,27.9,82.0,8888.0,8.0,3.0
2025-05-12,27.6,85.0,13.5,8.0,3.0
2025-05-13,27.2,87.0,0.0,8.0,2.0
2025-05-14,27.3,89.0,0.6,7.1,2.0
2025-05-15,27.1,86.0,7.2,8.0,3.0
2025-05-16,27.7,84.0,0.0,8.0,3.0
2025-05-17,27.1,87.0,10.6,8.0,2.0
2025-05-18,27.0,86.0,0.0,8.0,2.0
2025-05-19,25.7,91.0,2.0,8.0,3.0
2025-05-20,26.6,88.0,2.4,4.8,4.0
2025-05-21,27.2,83.0,0.0,8.0,3.0
2025-05-22,26.7,92.0,8888.0,8.0,3.0
2025-05-23,26.3,94.0,10.2,5.6,2.0
2025-05-24,27.0,88.0,17.2,5.9,2.0
2025-05-25,27.1,90.0,37.2,8.0,2.0
2025-05-26,26.4,89.0,19.4,8.0,2.0
2025-05-27,27.5,86.0,7.6,6.9,2.0
2025-05-28,27.1,88.0,0.0,8.0,2.0
2025-05-29,27.3,86.0,0.0,8.0,2.0
2025-05-30,27.2,84.0,0.0,8.0,2.0
2025-05-31,27.6,88.0,0.0,8.0,2.0
2026-05-01,27.2,87.0,8888.0,8.0,2.0
2026-05-02,27.7,84.0,21.4,8.0,4.0
2026-05-03,28.1,79.0,0.0,8.0,3.0
2026-05-04,28.2,81.0,0.0,8.0,4.0
2026-05-05,27.6,84.0,0.0,8.0,4.0
2026-05-06,27.7,85.0,0.0,8.0,4.0
2026-05-07,27.3,85.0,0.0,8.0,5.0
2026-05-08,27.9,81.0,0.0,8.0,4.0
2026-05-09,26.8,87.0,0.0,8.0,4.0
2026-05-10,27.4,83.0,0.0,8.0,4.0
2026-05-11,27.1,88.0,0.0,8.0,4.0
2026-05-12,27.5,87.0,0.0,8.0,4.0
2026-05-13,27.2,86.0,0.0,8.0,3.0
2026-05-14,27.5,87.0,0.0,8.0,4.0
2026-05-15,27.9,88.0,3.4,8.0,4.0
2026-05-16,27.6,89.0,0.0,8.0,3.0
2026-05-17,27.1,87.0,0.0,8.0,2.0
2026-05-18,26.6,87.0,2.8,7.9,3.0
2026-05-19,26.6,88.5,0.0,7.9,3.0
2026-05-20,27.4,87.5,0.0,7.9,2.0
2026-05-21,27.7,87.8,0.0,7.9,2.0
2026-05-22,27.8,86.5,0.0,7.9,2.0
2026-05-23,27.9,84.2,0.8,7.9,3.0
2026-05-24,27.9,84.2,0.2,7.9,3.0
2026-05-25,27.2,86.2,4.2,7.9,3.0
2026-05-26,27.0,84.5,24.0,7.9,3.0
2026-05-27,26.8,85.2,0.0,7.9,3.0
2026-05-28,27.8,79.5,0.0,7.9,4.0
2026-05-29,27.3,74.0,0.0,7.9,3.0
2026-05-30,26.8,77.2,0.0,7.9,2.0
2025-11-01,27.6,88.0,3.7,8.0,3.0
2025-11-02,26.9,86.0,0.0,6.3,2.0
2025-11-03,27.2,85.0,1.6,8.0,2.0
2025-11-04,27.3,86.0,0.0,8.0,3.0
2025-11-05,26.2,89.0,0.0,8.0,3.0
2025-11-06,25.9,92.0,10.8,8.0,2.0
2025-11-07,26.8,85.0,6.4,7.1,2.0
2025-11-08,26.9,89.0,8888.0,8.0,3.0
2025-11-09,27.7,82.0,20.6,7.4,3.0
2025-11-10,9999.0,9999.0,8888.0,8.0,3.0
2025-11-11,26.3,90.0,63.6,2.7,3.0
2025-11-12,26.5,87.0,11.3,8.0,3.0
2025-11-13,27.2,81.0,0.4,8.0,3.0
2025-11-14,25.9,90.0,9.0,8.0,2.0
2025-11-15,26.0,87.0,52.2,8.0,2.0
2025-11-16,26.5,85.0,47.2,8.0,3.0
2025-11-17,27.3,85.0,8888.0,8.0,2.0
2025-11-18,27.6,84.0,0.4,8.0,2.0
2025-11-19,27.2,86.0,19.0,8.0,3.0
2025-11-20,26.2,89.0,59.2,8.0,2.0
2025-11-21,26.4,90.0,34.4,7.7,4.0
2025-11-22,27.5,79.0,4.0,8.0,3.0
2025-11-23,27.5,85.0,0.0,8.0,3.0
2025-11-24,26.9,82.0,24.2,8.0,2.0
2025-11-25,27.8,79.0,0.0,1.2,4.0
2025-11-26,25.2,93.0,11.2,8.0,2.0
2025-11-27,26.7,85.0,22.4,6.9,3.0
2025-11-28,26.8,80.0,5.2,8.0,3.0
2025-11-29,26.8,81.0,0.0,8.0,2.0
2025-11-30,27.1,80.0,0.0,8.0,3.0
2024-10-01,27.4,87.0,0.0,8.0,5.0
2024-10-02,27.7,86.0,0.0,8.0,4.0
2024-10-03,27.5,88.0,4.8,8.0,5.0
2024-10-04,26.5,85.0,0.0,8.0,3.0
2024-10-05,27.2,88.0,0.0,8.0,4.0
2024-10-06,27.7,85.0,0.0,8.0,5.0
2024-10-07,27.9,82.0,0.0,7.2,6.0
2024-10-08,28.0,84.0,0.0,1.2,5.0
2024-10-09,27.8,85.0,0.0,8.0,5.0
2024-10-10,28.1,84.0,0.0,8.0,4.0
2024-10-11,27.2,82.0,0.0,8.0,4.0
2024-10-12,27.8,85.0,0.0,8.0,5.0
2024-10-13,28.2,85.0,0.0,8.0,5.0
2024-10-14,28.3,84.0,0.0,8.0,5.0
2024-10-15,27.3,80.0,0.0,8.0,4.0
2024-10-16,25.9,86.0,0.0,8.0,4.0
2025-10-01,26.5,89.0,0.8,8.0,3.0
2025-10-02,27.0,87.0,11.4,8.0,3.0
2025-10-03,27.1,85.0,0.0,7.7,3.0
2025-10-04,26.2,84.0,0.0,8.0,3.0
2025-10-05,27.5,84.0,0.0,8.0,3.0
2025-10-06,28.0,83.0,1.0,8.0,4.0
2025-10-07,27.1,83.0,0.0,8.0,3.0
2025-10-08,27.6,81.0,0.0,8.0,3.0
2025-10-09,27.7,76.0,0.0,8.0,4.0
2025-10-10,26.9,85.0,34.8,8.0,4.0
2025-10-11,27.3,83.0,15.6,8.0,4.0
2025-10-12,27.9,84.0,0.2,8.0,4.0
2025-10-13,28.3,86.0,0.2,8.0,4.0
2025-10-14,27.9,86.0,0.4,8.0,4.0
2025-10-15,28.2,86.0,0.0,8.0,5.0
2025-10-16,28.8,81.0,0.0,8.0,5.0
2025-10-17,28.8,81.0,0.0,8.0,3.0
2025-10-18,27.1,88.0,10.0,8.0,3.0
2025-10-19,27.9,86.0,0.0,8.0,3.0
2025-10-20,28.1,85.0,0.0,8.0,3.0
2025-10-21,26.8,92.0,10.6,8.0,3.0
2025-10-22,25.8,89.0,26.6,7.2,2.0
2025-10-23,25.2,94.0,28.2,8.0,3.0
2025-10-24,26.3,89.0,12.6,8.0,3.0
2025-10-25,25.3,94.0,13.4,8.0,3.0
2025-10-26,25.3,89.0,2.6,8.0,1.0
2025-10-27,27.2,86.0,6.6,8.0,3.0
2025-10-28,26.0,91.0,11.6,8.0,3.0
2025-10-29,26.6,86.0,46.2,5.8,2.0
2025-10-30,26.2,90.0,1.8,8.0,2.0
2025-10-31,27.3,86.0,18.4,8.0,2.0
2024-09-01,25.6,84.0,0.2,8.0,3.0
2024-09-02,25.5,86.0,0.0,8.0,3.0
2024-09-03,25.7,85.0,0.0,8.0,4.0
2024-09-04,26.1,87.0,0.0,7.7,4.0
2024-09-05,26.6,87.0,8888.0,8.0,5.0
2024-09-06,26.9,82.0,0.0,8.0,8.0
2024-09-07,25.6,86.0,0.0,8.0,8.0
2024-09-08,26.3,88.0,0.0,8.0,4.0
2024-09-09,26.0,90.0,8.0,8.0,3.0
2024-09-10,26.4,88.0,0.0,8.0,4.0
2024-09-11,26.1,89.0,1.2,8.0,5.0
2024-09-12,26.3,84.0,0.0,8.0,5.0
2024-09-13,25.7,85.0,0.0,8.0,3.0
2024-09-14,25.8,86.0,0.0,8.0,3.0
2024-09-15,26.9,80.0,0.0,8.0,3.0
2024-09-16,25.7,85.0,0.0,8.0,3.0
2024-09-17,25.7,83.0,0.0,8.0,3.0
2024-09-18,25.6,83.0,0.8,8.0,3.0
2024-09-19,26.0,79.0,0.0,8.0,3.0
2024-09-20,25.4,82.0,0.0,8.0,3.0
2024-09-21,26.7,82.0,0.0,8.0,3.0
2024-09-22,27.5,84.0,0.0,8.0,3.0
2024-09-23,27.1,88.0,0.0,8.0,3.0
2024-09-24,28.0,85.0,0.0,8.0,3.0
2024-09-25,27.4,85.0,8888.0,8.0,3.0
2024-09-26,27.5,83.0,0.0,8.0,3.0
2024-09-27,27.2,86.0,0.0,8.0,3.0
2024-09-28,28.2,83.0,0.0,8.0,6.0
2024-09-29,27.6,86.0,0.0,8.0,5.0
2024-09-30,27.2,87.0,0.0,8.0,6.0
2025-09-01,25.7,83.0,0.0,8.0,4.0
2025-09-02,26.2,86.0,0.0,8.0,4.0
2025-09-03,26.1,89.0,0.0,8.0,4.0
2025-09-04,26.1,87.0,0.0,8.0,4.0
2025-09-05,26.4,83.0,0.0,8.0,4.0
2025-09-06,25.8,80.0,0.0,8.0,4.0
2025-09-07,25.7,83.0,8888.0,8.0,4.0
2025-09-08,26.3,77.0,0.0,8.0,6.0
2025-09-09,26.7,81.0,1.2,8.0,6.0
2025-09-10,25.4,92.0,7.6,8.0,4.0
2025-09-11,25.5,92.0,26.8,8.0,1.0
2025-09-12,26.5,88.0,10.2,7.9,4.0
2025-09-13,26.4,84.0,0.0,8.0,3.0
2025-09-14,26.8,84.0,0.0,8.0,4.0
2025-09-15,27.1,79.0,0.1,8.0,4.0
2025-09-16,26.5,85.0,3.0,8.0,4.0
2025-09-17,26.7,82.0,0.7,8.0,4.0
2025-09-18,25.8,88.0,3.0,8.0,4.0
2025-09-19,26.4,85.0,5.2,7.5,5.0
2025-09-20,27.2,85.0,1.0,8.0,5.0
2025-09-21,27.0,87.0,0.0,8.0,5.0
2025-09-22,27.1,81.0,0.0,8.0,4.0
2025-09-23,26.5,83.0,0.0,8.0,2.0
2025-09-24,27.0,81.0,0.0,8.0,3.0
2025-09-25,27.2,86.0,1.6,8.0,3.0
2025-09-26,26.7,85.0,0.8,8.0,3.0
2025-09-27,27.1,84.0,0.0,8.0,4.0
2025-09-28,27.8,84.0,0.0,8.0,5.0
2025-09-29,28.0,83.0,0.0,8.0,4.0
2025-09-30,26.5,89.0,3.6,8.0,3.0
